;id;full_name;first_name;last_name;email;gender;age
0;1.0;Mariel Finnigan;Mariel;Finnigan;mfinnigan0@usda.gov;Female;60
1;2.0;Kenyon Possek;Kenyon;Possek;kpossek1@ucoz.com;Male;12
2;3.0;Lalo Manifould;Lalo;Manifould;lmanifould2@pbs.org;Male;26
3;4.0;Nickola Carous;Nickola;Carous;ncarous3@phoca.cz;Male;4
4;5.0;Norman Dubbin;Norman;Dubbin;ndubbin4@wikipedia.org;Male;17
5;6.0;Hasty Perdue;Hasty;Perdue;hperdue5@qq.com;Male;77
6;7.0;Franz Castello;Franz;Castello;fcastello6@1688.com;Male;25
7;8.0;Jorge Tarney;Jorge;Tarney;jtarney7@ft.com;Male;77
8;9.0;Eunice Blakebrough;Eunice;Blakebrough;eblakebrough8@sohu.com;Female;45
9;10.0;Kristopher Frankcombe;Kristopher;Frankcombe;kfrankcombe9@slate.com;Male;50
10;11.0;Palm Domotor;Palm;Domotor;pdomotora@github.io;Male;6
11;12.0;Luz Lansdowne;Luz;Lansdowne;llansdowneb@theguardian.com;Female;16
12;13.0;Modestia Keble;Modestia;Keble;mkeblec@cmu.edu;Female;91
13;14.0;Stacee Bovis;Stacee;Bovis;sbovisd@webeden.co.uk;Female;22
14;15.0;Eden Wace;Eden;Wace;ewacee@marriott.com;Female;16
16;16.0;Tobias Sherburn;Tobias;Sherburn;tsherburnf@facebook.com;Male;2
18;17.0;Clair Skillern;Clair;Skillern;cskillerng@nih.gov;Male;78
19;18.0;Mathew Addicott;Mathew;Addicott;maddicotth@acquirethisname.com;Male;65
20;19.0;Kerianne Goacher;Kerianne;Goacher;kgoacheri@gmail.com;Female;45
21;20.0;Maurits Shawl;Maurits;Shawl;mshawlj@dmoz.org;Male;72
